-1,0,0,1,0,5,0,0,0,1,0,0,0,1,false,true,false,true,false,false,-2,10.0
-1,0,0,1,0,6,0,0,0,1,0,0,0,1,false,true,false,true,false,false,-2,10.0
-1,0,0,1,0,7,0,0,0,1,0,0,0,1,false,true,false,true,false,false,-2,10.0
-1,0,0,1,0,9,0,1,0,0,0,0,0,2,false,false,false,false,false,false,-4,20.0
-1,0,0,1,0,2,0,1,0,0,0,0,0,1,false,true,false,true,false,false,-4,10.0
-1,0,0,1,0,4,1,0,0,0,0,0,0,2,false,false,false,false,false,false,-4,20.0
-1,0,0,1,0,2,0,2,0,0,0,0,0,2,false,true,false,true,false,false,-8,20.0
-1,0,0,1,0,3,0,1,0,0,0,0,0,2,false,true,false,true,false,false,-4,20.0
127,0,1,1,0,2,0,0,0,1,0,0,0,3,false,true,false,false,false,false,-2,30.0
127,0,0,1,0,3,0,0,0,1,0,0,0,3,false,true,false,false,false,false,-2,30.0
223,0,0,1,0,2,1,2,2,0,0,1,0,2,false,true,false,true,false,false,-2,25.0
239,0,0,1,0,5,0,0,0,1,1,1,0,2,false,true,false,true,false,false,-1,25.0
479,0,1,1,0,2,0,0,0,1,0,0,0,4,false,true,false,false,false,false,-2,40.0
489,0,0,1,0,3,0,1,0,0,0,0,0,4,false,true,false,false,false,false,-4,40.0
489,0,1,1,0,2,0,0,0,1,0,0,0,1,false,false,false,false,false,false,-2,10.0
489,0,0,1,0,3,2,0,0,0,0,0,0,1,false,false,false,false,false,false,-8,10.0
489,0,0,1,0,4,2,0,0,0,0,0,0,1,false,false,false,false,false,false,-8,10.0
489,0,0,1,0,2,1,2,0,0,0,0,0,0,false,false,false,true,false,false,-12,0.0
489,0,0,1,0,3,0,1,0,2,0,0,0,0,false,true,false,true,false,false,-8,0.0
489,0,0,1,0,4,0,0,0,2,0,0,0,0,false,true,false,true,false,false,-4,0.0
489,0,0,1,0,5,0,0,0,2,0,0,0,0,false,true,false,true,false,false,-4,0.0
489,0,0,1,0,6,0,0,0,2,0,0,0,1,false,true,false,true,false,false,-4,10.0
489,0,0,1,0,7,0,0,0,2,0,0,0,1,false,true,false,false,false,false,-4,10.0
489,0,0,1,0,8,0,0,0,2,0,0,0,1,false,false,false,false,false,false,-4,10.0
489,0,0,1,0,9,0,0,0,1,0,0,0,1,false,false,false,false,false,false,-2,10.0
489,0,0,1,0,10,0,0,0,1,0,0,0,1,false,false,false,false,false,false,-2,10.0
489,0,0,1,0,11,0,0,0,1,0,0,0,1,true,false,false,false,false,false,-2,10.0
489,0,0,1,0,12,0,0,0,2,0,0,0,1,true,false,false,false,false,false,-4,10.0
489,0,0,1,0,13,0,0,0,2,0,0,0,1,true,false,false,false,false,false,-4,10.0
489,0,0,1,0,14,0,1,0,2,0,0,0,1,false,false,false,false,false,false,-8,10.0
499,0,0,1,0,15,1,2,0,0,0,0,0,2,false,false,false,false,false,false,-12,20.0
499,0,0,1,0,16,0,1,0,1,0,0,0,2,false,true,false,false,false,false,-6,20.0
499,0,0,1,0,17,0,0,0,1,0,0,0,2,false,true,false,false,false,false,-2,20.0
509,0,0,1,0,12,0,1,0,0,0,0,0,1,false,false,false,false,false,false,-4,10.0
509,0,0,1,0,13,0,1,0,0,0,0,0,1,false,true,false,false,false,false,-4,10.0
509,0,0,1,0,14,0,2,0,0,0,0,0,1,false,true,false,false,false,false,-8,10.0
605,0,0,1,0,2,1,0,0,0,0,0,0,2,false,true,false,true,false,false,-4,20.0
605,0,0,1,0,2,1,0,0,0,0,0,0,1,false,true,false,true,false,false,-4,10.0
605,0,0,1,0,7,0,1,0,0,0,0,0,1,false,false,false,false,false,false,-4,10.0
605,0,0,1,0,2,0,1,0,0,0,0,0,2,false,false,false,true,false,false,-4,20.0
605,0,0,1,0,14,0,1,0,0,0,0,0,2,false,false,false,false,false,false,-4,20.0
605,0,0,1,0,2,0,1,0,0,0,0,0,1,false,true,false,true,false,false,-4,10.0
605,0,0,1,0,5,0,0,0,1,0,0,0,1,true,false,false,true,false,false,-2,10.0
605,0,0,1,0,6,0,0,0,1,0,0,0,1,true,false,false,true,false,false,-2,10.0
605,0,0,1,0,7,0,0,0,1,0,0,0,1,true,false,false,false,false,false,-2,10.0
605,0,0,1,0,8,0,0,0,1,0,0,0,1,true,false,false,false,false,false,-2,10.0
605,0,0,1,0,9,0,0,0,1,0,0,0,1,true,false,false,false,false,false,-2,10.0
605,0,0,1,0,10,0,0,0,1,0,0,0,2,false,true,false,false,false,false,-2,20.0
605,0,0,1,0,11,0,0,0,1,0,0,0,2,false,true,false,false,false,false,-2,20.0
605,0,0,1,0,12,0,0,0,1,0,0,0,2,false,true,false,false,false,false,-2,20.0
605,0,0,1,0,13,0,0,0,1,0,0,0,2,false,true,false,false,false,false,-2,20.0
605,0,0,1,0,14,0,0,0,1,0,0,0,3,false,true,false,false,false,false,-2,30.0
615,0,0,1,0,14,0,1,0,0,0,0,0,2,false,true,false,false,false,false,-4,20.0
903,0,1,1,0,2,0,1,0,1,0,0,0,1,false,false,false,false,false,false,-6,10.0
903,0,0,1,0,3,1,2,0,0,0,0,0,1,false,false,false,false,false,false,-12,10.0
903,0,0,1,0,4,1,2,0,0,0,0,0,2,false,false,false,false,false,false,-12,20.0
903,0,0,1,0,2,1,2,0,0,0,0,0,1,false,true,false,true,false,false,-12,10.0
903,0,0,1,0,3,0,1,0,1,0,0,0,1,false,true,false,true,false,false,-6,10.0
903,0,0,1,0,4,0,0,0,1,0,0,0,1,false,true,false,true,false,false,-2,10.0
903,0,0,1,0,5,0,0,0,1,0,0,0,1,true,true,false,true,false,false,-2,10.0
903,0,0,1,0,6,0,0,0,1,0,0,0,1,true,false,false,true,false,false,-2,10.0
903,0,0,1,0,11,0,0,0,1,0,0,0,2,false,true,false,false,false,false,-2,20.0
903,0,0,1,0,12,0,0,0,1,0,0,0,2,false,true,false,false,false,false,-2,20.0
903,0,0,1,0,14,0,1,0,0,0,0,0,1,false,true,false,false,false,false,-4,10.0
903,0,0,1,0,15,0,2,0,0,0,0,0,1,false,true,false,false,false,false,-8,10.0
903,0,0,1,0,2,0,2,0,0,0,0,0,2,false,true,false,true,false,false,-8,20.0
903,0,0,1,0,3,0,1,0,0,0,0,0,2,false,true,false,true,false,false,-4,20.0
903,0,0,1,0,2,1,1,0,0,0,0,0,1,false,true,false,true,false,false,-8,10.0
903,0,0,1,0,3,0,0,0,1,0,0,0,1,false,true,false,true,false,false,-2,10.0
903,0,0,1,0,4,0,0,0,1,0,0,0,1,false,true,false,true,false,false,-2,10.0
903,0,1,1,0,2,0,0,0,1,0,0,0,1,false,false,false,false,false,false,-2,10.0
903,0,0,1,0,3,1,0,0,0,0,0,0,1,false,false,false,false,false,false,-4,10.0
903,0,0,1,0,4,1,0,0,0,0,0,0,1,false,false,false,false,false,false,-4,10.0
903,0,0,1,0,2,1,1,0,0,0,0,0,1,false,true,false,true,false,false,-8,10.0
903,0,0,1,0,8,0,0,0,1,0,0,0,0,false,false,false,false,false,false,-2,0.0
903,0,0,1,0,9,0,0,0,1,0,0,0,1,true,false,false,false,false,false,-2,10.0
903,0,0,1,0,15,0,1,0,0,0,0,0,2,false,true,false,false,false,false,-4,20.0
903,0,0,1,0,2,1,1,0,0,0,0,0,2,false,true,false,true,false,false,-8,20.0
903,0,1,1,0,2,1,1,0,0,0,0,0,2,false,false,false,false,false,false,-8,20.0
903,0,0,1,0,3,1,1,0,0,0,0,0,2,false,false,false,false,false,false,-8,20.0
913,0,0,1,0,4,0,1,0,0,0,0,0,2,false,false,false,true,false,false,-4,20.0
977,0,1,1,0,2,0,0,0,1,0,0,0,4,false,true,false,false,false,false,-2,40.0
977,0,0,1,0,3,0,0,0,1,0,0,0,4,false,true,false,false,false,false,-2,40.0
977,0,0,1,0,4,0,0,0,1,0,0,0,4,false,true,false,false,false,false,-2,40.0
977,0,0,1,0,2,0,0,0,2,0,2,0,4,false,true,false,true,false,false,-4,50.0
1233,0,1,1,0,2,0,1,0,1,0,0,0,3,false,true,false,true,false,false,-6,30.0
1233,0,0,1,0,3,1,2,0,0,0,1,0,3,false,true,false,true,false,false,-12,35.0
1243,0,0,1,0,4,0,2,0,0,0,1,0,3,false,true,false,true,false,false,-8,35.0
1339,0,1,1,0,2,0,0,0,1,0,0,0,2,false,false,false,false,false,false,-2,20.0
1339,0,0,1,0,3,0,0,0,1,0,0,0,2,false,false,false,false,false,false,-2,20.0
1339,0,0,1,0,4,0,0,0,1,0,0,0,2,false,false,false,false,false,false,-2,20.0
1451,0,1,1,0,2,1,2,0,0,0,0,0,1,false,false,false,false,false,false,-12,10.0
1461,0,0,1,0,3,0,2,0,0,0,0,0,1,false,false,false,false,false,false,-8,10.0
1461,0,0,1,0,4,0,1,0,0,0,0,0,1,false,true,false,true,false,false,-4,10.0
1461,0,0,1,0,10,0,1,0,0,0,0,0,0,false,true,false,false,false,false,-4,0.0
1461,0,0,1,0,11,0,1,0,0,0,0,0,0,false,true,false,false,false,false,-4,0.0
1461,0,0,1,0,12,0,2,0,0,0,0,0,0,false,true,false,false,false,false,-8,0.0
1461,0,0,1,0,2,0,2,0,0,0,0,0,2,false,true,false,true,false,false,-8,20.0
1461,0,0,1,0,3,0,1,0,0,0,0,0,2,false,true,false,true,false,false,-4,20.0
1461,0,0,1,0,8,0,0,0,1,0,0,0,2,false,true,false,false,false,false,-2,20.0
1461,0,0,1,0,9,0,0,0,1,0,0,0,3,false,true,false,false,false,false,-2,30.0
1461,0,0,1,0,10,0,0,0,1,0,0,0,3,false,true,false,false,false,false,-2,30.0
1461,0,0,1,0,2,0,0,0,2,0,0,0,3,false,true,false,true,false,false,-4,30.0
1461,0,0,1,0,3,0,0,0,2,0,0,0,4,false,true,false,true,false,false,-4,40.0
1461,0,0,1,0,4,0,0,0,2,0,0,0,4,false,true,false,true,false,false,-4,40.0
1461,0,0,1,0,16,0,1,0,0,0,0,0,0,false,false,false,false,false,false,-4,0.0
1461,0,0,1,0,2,1,1,0,0,0,0,0,1,false,true,false,true,false,false,-8,10.0
1461,0,0,1,0,3,1,0,0,0,0,0,0,1,false,true,false,true,false,false,-4,10.0
1461,0,0,1,0,4,0,0,0,1,0,0,0,1,false,true,false,true,false,false,-2,10.0
1471,0,0,1,0,7,0,0,0,1,0,0,0,1,false,true,false,true,false,false,-2,10.0
1471,0,0,1,0,11,0,0,0,1,0,0,0,1,true,false,false,false,false,false,-2,10.0
1471,0,0,1,0,12,0,0,0,1,0,0,0,2,true,false,false,false,false,false,-2,20.0
1471,0,0,1,0,13,0,0,0,1,0,0,0,2,true,false,false,false,false,false,-2,20.0
1471,0,0,1,0,14,0,0,0,1,0,0,0,2,false,true,false,false,false,false,-2,20.0
1471,0,0,1,0,15,0,0,0,1,0,0,0,2,false,true,false,false,false,false,-2,20.0
1481,0,0,1,0,16,1,0,0,0,0,0,0,3,false,true,false,false,false,false,-4,30.0
1481,0,0,1,0,17,0,1,0,0,0,0,0,2,false,true,false,false,false,false,-4,20.0
1481,0,0,1,0,23,0,1,0,0,0,0,0,2,false,true,false,false,false,false,-4,20.0
1641,0,0,1,0,2,1,1,0,0,0,0,0,1,false,true,false,true,false,false,-8,10.0
1641,0,0,1,0,3,0,0,0,1,0,0,0,1,false,true,false,true,false,false,-2,10.0
1641,0,0,1,0,4,0,0,0,1,0,0,0,1,false,true,false,true,false,false,-2,10.0
1641,0,0,1,0,5,0,0,0,1,0,0,0,1,true,true,false,true,false,false,-2,10.0
1641,0,0,1,0,6,0,0,0,1,0,0,0,0,true,false,false,false,false,false,-2,0.0
1641,0,0,1,0,7,0,0,0,1,0,0,0,0,true,false,false,false,false,false,-2,0.0
1641,0,0,1,0,8,0,0,0,1,0,0,0,1,true,false,false,false,false,false,-2,10.0
1641,0,0,1,0,9,0,0,0,1,0,0,0,1,true,false,false,false,false,false,-2,10.0
1641,0,0,1,0,10,0,0,0,1,0,0,0,1,false,false,false,false,false,false,-2,10.0
1641,0,0,1,0,11,0,0,0,1,0,0,0,1,false,true,false,false,false,false,-2,10.0
1651,0,0,1,0,14,0,1,0,0,0,0,0,2,false,true,false,false,false,false,-4,20.0
1651,0,1,1,0,2,0,3,0,0,0,0,0,0,false,true,false,false,false,false,-12,0.0
1651,0,0,1,0,3,0,3,0,0,0,0,0,0,false,true,false,false,false,false,-12,0.0
1651,0,0,1,0,4,0,3,0,0,0,0,0,0,false,true,false,false,false,false,-12,0.0
1651,0,0,1,0,2,0,3,0,0,0,0,0,1,false,true,false,true,false,false,-12,10.0
1651,0,0,1,0,3,0,2,0,0,0,0,0,1,false,true,false,true,false,false,-8,10.0
1651,0,0,1,0,4,0,1,0,0,0,0,0,2,false,true,false,true,false,false,-4,20.0
1651,0,0,1,0,5,0,0,0,1,0,0,0,3,false,true,false,false,false,false,-2,30.0
1651,0,0,1,0,6,0,0,0,1,0,0,0,4,false,true,false,false,false,false,-2,40.0
1651,0,0,1,0,7,0,0,0,1,0,0,0,4,false,true,false,false,false,false,-2,40.0
1651,0,0,1,0,2,0,1,0,1,0,0,0,3,false,true,false,true,false,false,-6,30.0
1651,0,0,1,0,3,0,0,0,1,0,0,0,3,false,true,false,true,false,false,-2,30.0
1651,0,0,1,0,4,0,0,0,1,0,0,0,3,false,true,false,true,false,false,-2,30.0
1651,0,0,1,0,8,0,0,0,1,0,0,0,1,false,true,false,true,false,false,-2,10.0
1651,0,0,1,0,9,0,0,0,1,0,0,0,1,false,false,false,false,false,false,-2,10.0
1651,0,0,1,0,10,0,0,0,1,0,0,0,1,true,false,false,false,false,false,-2,10.0
1651,0,0,1,0,11,0,0,0,1,0,0,0,0,true,false,false,false,false,false,-2,0.0
1651,0,0,1,0,12,0,0,0,1,0,0,0,1,true,false,false,false,false,false,-2,10.0
1651,0,0,1,0,13,0,0,0,1,0,0,0,1,true,false,false,false,false,false,-2,10.0
1651,0,0,1,0,14,0,0,0,1,0,0,0,1,true,false,false,false,false,false,-2,10.0
1651,0,0,1,0,15,1,0,0,0,0,0,0,1,false,false,false,false,false,false,-4,10.0
1651,0,0,1,0,2,1,0,0,0,0,0,0,2,false,true,false,true,false,false,-4,20.0
1651,0,0,1,0,3,0,0,0,1,0,0,0,3,false,true,false,true,false,false,-2,30.0
1651,0,0,1,0,4,0,0,0,1,0,0,0,3,false,true,false,false,false,false,-2,30.0
1651,0,0,1,0,5,0,0,0,1,0,0,0,3,false,true,false,false,false,false,-2,30.0
1651,0,0,1,0,6,0,0,0,1,0,0,0,3,false,true,false,false,false,false,-2,30.0
1843,0,1,1,0,2,0,0,0,1,0,0,0,2,false,false,false,false,false,false,-2,20.0
1843,0,0,1,0,5,0,0,0,1,0,0,0,2,false,false,false,false,false,false,-2,20.0
1843,0,0,1,0,6,1,0,0,0,0,0,0,2,false,false,false,false,false,false,-4,20.0
1843,0,0,1,0,2,2,0,0,0,0,0,0,1,false,true,false,true,false,false,-8,10.0
1843,0,0,1,0,3,0,0,0,2,0,0,0,1,false,true,false,true,false,false,-4,10.0
1843,0,0,1,0,4,0,0,0,2,0,0,0,1,false,true,false,true,false,false,-4,10.0
1843,0,0,1,0,5,0,0,0,2,0,0,0,1,false,false,false,false,false,false,-4,10.0
1843,0,0,1,0,6,0,0,0,2,0,0,0,0,true,false,false,false,false,false,-4,0.0
1843,0,0,1,0,7,0,0,0,2,0,0,0,0,true,false,false,false,false,false,-4,0.0
1843,0,0,1,0,8,0,0,0,2,0,0,0,0,true,false,false,false,false,false,-4,0.0
1843,0,0,1,0,9,0,0,0,2,0,0,0,0,true,false,false,false,false,false,-4,0.0
1843,0,0,1,0,10,0,0,0,1,0,0,0,0,false,false,false,false,false,false,-2,0.0
1843,0,0,1,0,11,0,0,0,1,0,0,0,0,false,false,false,false,false,false,-2,0.0
1843,0,0,1,0,12,0,0,0,1,0,0,0,0,false,false,false,false,false,false,-2,0.0
1843,0,0,1,0,13,1,1,0,0,0,0,0,0,false,false,false,false,false,false,-8,0.0
1843,0,0,1,0,2,1,1,0,0,0,0,0,2,false,true,false,true,false,false,-8,20.0
1843,0,0,1,0,3,0,0,0,1,0,0,0,2,false,true,false,true,false,false,-2,20.0
1843,0,0,1,0,4,0,0,0,1,0,0,0,2,false,true,false,false,false,false,-2,20.0
1843,0,0,1,0,5,0,0,0,1,0,0,0,2,false,true,false,false,false,false,-2,20.0
1843,0,0,1,0,6,0,0,0,1,0,0,0,2,false,true,false,false,false,false,-2,20.0
1843,0,0,1,0,12,0,1,0,0,0,0,0,1,false,false,false,false,false,false,-4,10.0
1843,0,0,1,0,2,0,1,0,0,0,0,0,2,false,true,false,true,false,false,-4,20.0
1843,0,0,1,0,10,0,1,0,0,0,0,0,3,false,true,false,false,false,false,-4,30.0
1843,0,0,1,0,11,0,1,0,0,0,0,0,4,false,true,false,false,false,false,-4,40.0
1843,0,0,1,0,2,0,1,0,0,0,0,0,3,false,true,false,true,false,false,-4,30.0
1843,0,0,1,0,10,0,1,0,0,0,0,0,4,false,true,false,false,false,false,-4,40.0
1843,0,0,1,0,11,0,1,0,0,0,0,0,3,false,true,false,false,false,false,-4,30.0
1843,0,0,1,0,2,0,1,0,0,0,0,0,4,false,true,false,true,false,false,-4,40.0
1843,0,1,1,0,2,0,0,0,1,0,0,0,3,false,false,false,false,false,false,-2,30.0
1843,0,0,1,0,3,0,0,0,1,0,0,0,3,false,false,false,false,false,false,-2,30.0
1843,0,0,1,0,4,1,0,0,0,0,0,0,3,false,false,false,false,false,false,-4,30.0
1843,0,0,1,0,2,3,0,0,0,0,0,0,3,false,true,false,true,false,false,-12,30.0
1843,0,0,1,0,3,1,0,0,2,0,0,0,3,false,true,false,true,false,false,-8,30.0
1843,0,0,1,0,4,1,0,0,2,0,0,0,3,false,true,false,true,false,false,-8,30.0
1843,0,0,1,0,5,0,0,0,3,0,0,0,2,false,true,false,false,false,false,-6,20.0
1843,0,0,1,0,6,0,0,0,2,0,0,0,2,false,true,false,false,false,false,-4,20.0
1843,0,0,1,0,7,0,0,0,2,0,0,0,2,false,true,false,false,false,false,-4,20.0
1843,0,0,1,0,8,0,0,0,1,0,0,0,1,false,true,false,false,false,false,-2,10.0
1843,0,0,1,0,9,0,0,0,1,0,0,0,1,false,true,false,false,false,false,-2,10.0
1843,0,0,1,0,10,0,0,0,1,0,0,0,1,true,false,false,false,false,false,-2,10.0
1843,0,0,1,0,11,0,0,0,1,0,0,0,1,true,false,false,false,false,false,-2,10.0
1843,0,0,1,0,12,0,0,0,1,0,0,0,1,true,false,false,false,false,false,-2,10.0
1843,0,0,1,0,13,0,0,0,1,0,0,0,1,true,false,false,false,false,false,-2,10.0
1843,0,0,1,0,5,1,0,0,0,0,0,0,2,false,true,false,false,false,false,-4,20.0
1843,0,0,1,0,2,1,0,0,0,0,0,0,3,false,true,false,true,false,false,-4,30.0
1843,0,0,1,0,5,0,0,0,1,0,0,0,4,false,true,false,true,false,false,-2,40.0
-1,0,0,1,0,10,0,0,1,0,1,0,0,1,true,false,false,false,false,false,6,10.0
-1,0,0,1,0,11,0,0,2,0,0,0,0,1,true,false,false,false,false,false,10,10.0
-1,0,0,1,0,12,0,0,2,0,0,0,0,2,true,false,false,false,false,false,10,20.0
-1,0,0,1,0,13,0,0,2,0,0,0,0,2,true,false,false,false,false,false,10,20.0
-1,0,0,1,0,14,0,0,2,0,0,0,0,2,false,false,false,false,false,false,10,20.0
31,0,0,1,0,2,0,1,6,0,0,6,0,3,false,true,false,true,false,false,26,60.0
31,0,0,1,0,3,0,0,6,0,0,6,0,4,false,true,false,false,false,false,30,70.0
31,0,0,1,0,4,0,0,3,0,3,6,0,4,false,true,false,false,false,false,18,70.0
47,0,0,1,0,5,0,0,2,0,3,5,0,4,false,true,false,false,false,false,13,65.0
47,0,0,1,0,6,0,0,2,0,3,5,0,3,false,true,false,false,false,false,13,55.0
47,0,0,1,0,7,0,0,2,0,3,5,0,4,false,true,false,false,false,false,13,65.0
95,0,0,1,0,8,0,0,1,0,1,2,0,4,false,true,false,false,false,false,6,50.0
95,0,0,1,0,9,0,0,2,0,0,2,0,3,false,true,false,false,false,false,10,40.0
127,0,1,1,0,2,0,0,1,1,1,0,0,1,false,false,false,false,false,false,4,10.0
127,0,0,1,0,3,0,0,1,1,1,0,0,1,false,false,false,false,false,false,4,10.0
127,0,0,1,0,4,0,0,2,1,0,0,0,1,false,false,false,false,false,false,8,10.0
127,0,0,1,0,5,0,0,2,1,0,0,0,1,false,false,false,false,false,false,8,10.0
137,0,0,1,0,6,0,1,2,0,0,0,0,1,false,false,false,false,false,false,6,10.0
137,0,0,1,0,7,0,0,4,0,0,0,0,0,false,false,false,false,false,false,20,0.0
137,0,0,1,0,8,0,0,2,0,2,0,0,0,false,false,false,false,false,false,12,0.0
137,0,0,1,0,9,0,0,2,0,2,0,0,0,false,false,false,false,false,false,12,0.0
137,0,0,1,0,10,0,0,2,0,2,0,0,0,false,false,false,false,false,false,12,0.0
137,0,0,1,0,11,0,0,2,0,2,0,0,0,false,false,false,false,false,false,12,0.0
137,0,0,1,0,12,0,0,2,0,2,0,0,0,false,false,false,false,false,false,12,0.0
137,0,0,1,0,13,0,0,4,0,0,0,0,0,false,false,false,false,false,false,20,0.0
137,0,0,1,0,14,0,0,4,0,0,0,0,0,false,false,false,false,false,false,20,0.0
137,0,0,1,0,15,0,1,4,0,0,0,0,0,false,false,false,false,false,false,16,0.0
137,0,0,1,0,2,0,1,4,0,0,2,0,2,false,true,false,true,false,false,16,30.0
137,0,0,1,0,3,0,0,4,0,0,2,0,2,false,true,false,true,false,false,20,30.0
137,0,0,1,0,4,0,0,2,0,2,4,0,2,false,true,false,true,false,false,12,40.0
137,0,0,1,0,5,0,0,0,0,4,4,0,3,false,true,false,true,false,false,4,50.0
137,0,0,1,0,6,0,0,0,0,4,4,0,3,false,true,false,false,false,false,4,50.0
137,0,0,1,0,7,0,0,0,1,6,6,0,2,false,true,false,false,false,false,4,50.0
137,0,0,1,0,8,0,0,0,1,6,6,0,2,false,true,false,false,false,false,4,50.0
137,0,0,1,0,9,0,0,0,1,6,6,0,3,false,true,false,false,false,false,4,60.0
137,0,0,1,0,10,0,0,0,0,6,6,0,3,false,true,false,false,false,false,6,60.0
137,0,0,1,0,11,0,0,3,0,3,6,0,3,false,true,false,false,false,false,18,60.0
153,0,0,1,0,12,0,0,2,0,3,5,0,3,false,true,false,false,false,false,13,55.0
169,0,0,1,0,13,0,0,6,1,0,5,0,2,false,true,false,false,false,false,28,45.0
233,0,1,1,0,2,1,1,4,0,0,2,-1,1,false,false,false,false,false,false,12,-30.0
233,0,0,1,0,3,1,1,4,0,0,2,-1,1,false,false,false,false,false,false,12,-30.0
223,0,0,1,0,3,0,1,2,1,0,2,0,2,false,true,false,true,false,false,4,30.0
223,0,0,1,0,4,0,0,1,1,1,2,0,2,false,true,false,true,false,false,4,30.0
239,0,0,1,0,6,0,0,2,0,2,1,0,1,false,true,false,true,false,false,12,15.0
239,0,0,1,0,7,0,0,2,0,2,1,0,0,false,true,false,true,false,false,12,5.0
239,0,0,1,0,8,0,0,1,0,3,1,0,0,false,true,false,false,false,false,8,5.0
239,0,0,1,0,9,0,0,1,0,3,1,0,1,false,false,false,false,false,false,8,15.0
239,0,0,1,0,10,0,0,2,0,2,1,0,1,false,false,false,false,false,false,12,15.0
239,0,0,1,0,11,0,0,4,0,2,1,0,0,true,false,false,false,false,false,22,5.0
239,0,0,1,0,12,0,0,4,0,2,1,0,0,true,false,false,false,false,false,22,5.0
239,0,0,1,0,13,0,0,4,0,0,1,0,0,true,false,false,false,false,false,20,5.0
239,0,0,1,0,14,0,1,4,0,0,1,0,0,true,false,false,false,false,false,16,5.0
255,0,0,1,0,15,0,1,4,0,0,0,0,0,true,false,false,false,false,false,16,0.0
255,0,0,1,0,2,0,1,2,0,0,0,0,2,false,true,false,true,false,false,6,20.0
255,0,0,1,0,3,0,0,2,0,0,2,0,2,false,true,false,true,false,false,10,30.0
255,0,0,1,0,4,0,0,4,0,2,2,0,2,false,true,false,true,false,false,22,30.0
255,0,0,1,0,5,0,1,2,0,4,2,0,2,false,true,false,false,false,false,10,30.0
255,0,0,1,0,6,0,1,2,0,4,3,0,2,false,true,false,false,false,false,10,35.0
255,0,0,1,0,7,0,1,2,0,4,3,0,3,false,true,false,false,false,false,10,45.0
255,0,0,1,0,8,0,1,2,0,4,3,0,3,false,true,false,false,false,false,10,45.0
255,0,0,1,0,9,0,1,2,0,4,3,0,3,false,true,false,false,false,false,10,45.0
255,0,0,1,0,10,0,0,4,0,2,4,0,3,false,true,false,false,false,false,22,50.0
255,0,0,1,0,11,0,0,6,0,3,4,0,2,false,true,false,false,false,false,33,40.0
255,0,0,1,0,12,0,0,6,0,0,4,0,2,false,true,false,false,false,false,30,40.0
287,0,1,1,0,2,0,1,6,0,0,4,0,1,false,true,false,false,false,false,26,30.0
335,0,0,1,0,2,0,1,5,0,0,3,0,2,false,true,false,true,false,false,21,35.0
351,0,0,1,0,3,0,0,4,0,0,2,0,2,false,true,false,true,false,false,20,30.0
351,0,0,1,0,4,0,0,4,0,0,2,0,2,false,true,false,true,false,false,20,30.0
383,0,1,1,0,2,0,0,6,1,0,1,0,0,false,false,false,false,false,false,28,5.0
383,0,0,1,0,3,1,1,6,0,0,2,0,0,false,false,false,false,false,false,22,10.0
383,0,0,1,0,4,1,1,6,0,0,2,0,0,false,false,false,false,false,false,22,10.0
399,0,0,1,0,2,1,1,5,0,0,3,0,2,false,true,false,true,false,false,17,35.0
399,0,0,1,0,3,0,0,5,1,0,5,0,2,false,true,false,true,false,false,23,45.0
415,0,0,1,0,4,0,0,4,0,0,4,0,3,false,true,false,false,false,false,20,50.0
499,0,0,1,0,18,0,0,2,0,0,0,0,1,false,true,false,false,false,false,10,10.0
499,0,0,1,0,19,0,0,2,0,0,0,0,1,false,true,false,false,false,false,10,10.0
499,0,0,1,0,20,0,0,2,0,0,0,0,1,false,true,false,false,false,false,10,10.0
499,0,0,1,0,21,0,0,2,0,0,0,0,1,false,false,false,false,false,false,10,10.0
499,0,0,1,0,22,0,1,2,0,0,0,0,1,false,false,false,false,false,false,6,10.0
499,0,0,1,0,23,0,1,2,0,0,0,0,1,false,false,false,false,false,false,6,10.0
499,0,0,1,0,24,0,2,2,0,0,0,0,1,false,false,false,false,false,false,2,10.0
499,0,0,1,0,2,0,2,4,0,0,0,0,1,false,true,false,true,false,false,12,10.0
499,0,0,1,0,3,0,1,4,0,0,0,0,1,false,true,false,true,false,false,16,10.0
499,0,0,1,0,4,0,0,4,0,0,0,0,1,false,true,false,true,false,false,20,10.0
499,0,0,1,0,5,0,0,2,0,2,0,0,1,false,true,false,true,false,false,12,10.0
499,0,0,1,0,6,0,0,2,0,2,0,0,0,false,true,false,true,false,false,12,0.0
499,0,0,1,0,7,0,0,3,0,3,0,0,-1,false,true,false,false,false,false,18,-10.0
499,0,0,1,0,8,0,0,3,0,3,0,0,-1,false,false,false,false,false,false,18,-10.0
499,0,0,1,0,9,0,0,3,0,3,0,0,-1,true,false,false,false,false,false,18,-10.0
499,0,0,1,0,10,0,0,3,0,3,0,0,-1,true,false,false,false,false,false,18,-10.0
499,0,0,1,0,11,0,0,3,0,3,0,0,-2,true,false,false,false,false,false,18,-20.0
499,0,0,1,0,12,0,0,6,0,0,0,0,-2,true,false,false,false,false,false,30,-20.0
499,0,1,1,0,2,0,1,4,1,0,0,0,-2,true,false,false,false,false,false,14,-20.0
499,0,0,1,0,3,0,1,4,1,0,0,0,-3,true,false,false,false,false,false,14,-30.0
499,0,0,1,0,4,1,2,4,0,0,0,0,-3,true,false,false,false,false,false,8,-30.0
509,0,0,1,0,5,0,2,4,0,0,0,0,-2,true,false,false,false,false,false,12,-20.0
509,0,0,1,0,6,0,1,2,0,0,0,0,-1,true,false,false,false,false,false,6,-10.0
509,0,0,1,0,7,0,0,2,0,0,0,0,-1,true,false,false,false,false,false,10,-10.0
509,0,0,1,0,8,0,0,2,0,0,0,0,-1,true,false,false,false,false,false,10,-10.0
509,0,0,1,0,2,0,2,2,0,0,2,0,3,false,true,false,true,false,false,2,40.0
509,0,0,1,0,3,0,1,2,0,0,2,0,3,false,true,false,true,false,false,6,40.0
509,0,0,1,0,4,0,0,2,0,0,4,0,3,false,true,false,true,false,false,10,50.0
509,0,0,1,0,5,0,0,1,0,1,4,0,4,false,true,false,false,false,false,6,60.0
509,0,0,1,0,6,0,0,1,0,1,4,0,4,false,true,false,false,false,false,6,60.0
509,0,0,1,0,7,0,0,2,0,2,6,0,3,false,true,false,false,false,false,12,60.0
509,0,0,1,0,8,0,0,2,0,2,6,0,4,false,true,false,false,false,false,12,70.0
509,0,0,1,0,9,0,0,2,0,2,6,0,4,false,true,false,false,false,false,12,70.0
509,0,0,1,0,10,0,0,6,0,0,6,0,3,false,true,false,false,false,false,30,60.0
615,0,0,1,0,18,0,0,2,0,0,0,0,1,false,false,false,false,false,false,10,10.0
615,0,0,1,0,19,0,0,2,0,0,0,0,1,false,false,false,false,false,false,10,10.0
615,0,0,1,0,20,0,1,2,0,0,0,0,1,false,false,false,false,false,false,6,10.0
615,0,0,1,0,21,0,1,4,0,0,0,0,0,false,false,false,false,false,false,16,0.0
615,0,0,1,0,22,0,2,4,0,0,0,0,0,false,false,false,false,false,false,12,0.0
615,0,0,1,0,2,0,2,4,0,0,2,0,2,false,true,false,true,false,false,12,30.0
615,0,0,1,0,3,0,1,4,0,0,2,0,2,false,true,false,true,false,false,16,30.0
615,0,0,1,0,4,0,0,4,0,0,2,0,2,false,true,false,true,false,false,20,30.0
615,0,0,1,0,5,0,0,2,0,2,4,0,2,false,true,false,false,false,false,12,40.0
615,0,0,1,0,6,0,0,2,0,2,4,0,3,false,true,false,false,false,false,12,50.0
615,0,0,1,0,7,0,0,2,0,2,4,0,3,false,true,false,false,false,false,12,50.0
615,0,0,1,0,8,0,0,3,0,3,6,0,2,false,true,false,false,false,false,18,50.0
615,0,0,1,0,9,0,0,3,0,3,6,0,3,false,true,false,false,false,false,18,60.0
615,0,0,1,0,10,0,0,6,0,0,6,0,3,false,true,false,false,false,false,30,60.0
807,0,1,1,0,2,0,0,1,0,0,0,0,2,false,true,false,false,false,false,5,20.0
807,0,0,1,0,3,0,0,1,1,0,0,0,2,false,true,false,false,false,false,3,20.0
807,0,0,1,0,4,0,1,2,1,2,0,0,1,false,true,false,false,false,false,6,10.0
807,0,0,1,0,5,0,1,2,1,2,0,0,1,false,true,false,false,false,false,6,10.0
807,0,0,1,0,6,0,0,3,1,1,0,0,1,false,true,false,false,false,false,14,10.0
807,0,0,1,0,7,0,0,4,0,0,0,0,0,false,true,false,false,false,false,20,0.0
807,0,0,1,0,8,0,1,4,0,0,0,0,0,false,true,false,false,false,false,16,0.0
807,0,0,1,0,9,0,1,4,0,0,0,0,1,false,true,false,false,false,false,16,10.0
807,0,0,1,0,2,0,1,4,0,0,2,0,2,false,true,false,true,false,false,16,30.0
807,0,0,1,0,3,0,0,4,0,0,2,0,2,false,true,false,true,false,false,20,30.0
807,0,0,1,0,4,0,0,5,0,2,2,0,2,false,true,false,false,false,false,27,30.0
807,0,0,1,0,5,0,0,5,0,2,2,0,2,false,true,false,false,false,false,27,30.0
807,0,0,1,0,6,0,1,3,1,4,2,0,2,false,true,false,false,false,false,13,30.0
807,0,0,1,0,7,0,0,6,0,3,2,0,1,false,true,false,false,false,false,33,20.0
807,0,0,1,0,8,0,0,6,0,3,4,0,1,false,true,false,false,false,false,33,30.0
807,0,0,1,0,9,0,0,6,0,3,4,0,2,false,true,false,false,false,false,33,40.0
807,0,0,1,0,10,0,0,6,0,0,4,0,2,false,false,false,false,false,false,30,40.0
807,0,0,1,0,11,0,0,6,0,0,4,0,2,false,false,false,false,false,false,30,40.0
913,0,0,1,0,14,0,0,1,0,1,0,0,2,false,true,false,false,false,false,6,20.0
913,0,0,1,0,15,0,0,1,0,1,0,0,2,false,true,false,false,false,false,6,20.0
913,0,0,1,0,16,0,0,2,0,0,0,0,2,false,false,false,false,false,false,10,20.0
913,0,0,1,0,17,0,1,2,0,0,0,0,2,false,false,false,false,false,false,6,20.0
913,0,0,1,0,2,0,1,4,0,0,2,0,2,false,true,false,true,false,false,16,30.0
913,0,0,1,0,3,0,0,4,0,0,4,0,2,false,true,false,true,false,false,20,40.0
913,0,0,1,0,4,0,0,2,0,2,4,0,3,false,true,false,false,false,false,12,50.0
913,0,0,1,0,5,0,0,2,0,2,4,0,3,false,true,false,false,false,false,12,50.0
913,0,0,1,0,6,0,0,0,0,4,4,0,2,false,true,false,false,false,false,4,40.0
913,0,0,1,0,7,0,0,2,0,2,4,0,3,false,true,false,false,false,false,12,50.0
913,0,0,1,0,8,0,0,2,0,2,4,0,3,false,true,false,false,false,false,12,50.0
913,0,0,1,0,9,0,0,2,0,2,4,0,3,false,true,false,false,false,false,12,50.0
913,0,0,1,0,10,0,0,4,0,0,4,0,4,false,true,false,false,false,false,20,60.0
945,0,0,1,0,11,0,0,2,0,0,2,0,4,false,true,false,false,false,false,10,50.0
977,0,0,1,0,3,0,0,0,0,0,2,0,4,false,true,false,true,false,false,0,50.0
977,0,0,1,0,4,0,0,0,0,0,4,0,4,false,true,false,true,false,false,0,60.0
977,0,0,1,0,5,0,0,0,0,2,4,0,4,false,true,false,false,false,false,2,60.0
977,0,0,1,0,6,0,0,0,0,2,4,0,4,false,true,false,false,false,false,2,60.0
977,0,0,1,0,7,0,0,0,0,2,4,0,4,false,true,false,false,false,false,2,60.0
977,0,0,1,0,8,0,0,0,0,4,4,0,3,false,true,false,false,false,false,4,50.0
977,0,0,1,0,9,0,0,0,0,4,5,0,3,false,true,false,false,false,false,4,55.0
977,0,0,1,0,10,0,0,0,0,4,5,0,4,false,true,false,false,false,false,4,65.0
977,0,0,1,0,11,0,0,0,0,6,5,0,3,false,true,false,false,false,false,6,55.0
977,0,0,1,0,12,0,0,3,0,3,5,0,3,false,true,false,false,false,false,18,55.0
1009,0,0,1,0,13,0,0,4,0,0,3,0,3,false,true,false,false,false,false,20,45.0
1041,0,0,1,0,2,1,0,3,0,0,4,0,2,false,true,false,true,false,false,11,40.0
1041,0,0,1,0,3,0,0,2,1,1,4,0,2,false,true,false,true,false,false,9,40.0
1057,0,0,1,0,4,0,0,0,1,2,3,0,2,false,true,false,true,false,false,0,35.0
1057,0,0,1,0,5,0,0,0,1,2,3,0,1,false,true,false,false,false,false,0,25.0
1057,0,0,1,0,6,0,0,0,1,2,3,0,2,true,false,false,false,false,false,0,35.0
1057,0,0,1,0,7,0,0,0,1,2,3,0,2,true,false,false,false,false,false,0,35.0
1057,0,0,1,0,8,0,0,0,1,2,3,0,2,true,false,false,false,false,false,0,35.0
1057,0,0,1,0,9,0,0,0,1,2,3,0,2,false,false,false,false,false,false,0,35.0
1057,0,0,1,0,10,0,0,0,1,2,3,0,3,false,true,false,false,false,false,0,45.0
1073,0,0,1,0,11,0,0,0,0,2,2,0,3,false,true,false,false,false,false,2,40.0
1073,0,0,1,0,12,0,0,0,0,1,2,0,2,false,true,false,false,false,false,1,30.0
1105,0,0,1,0,13,0,0,0,0,0,0,0,3,false,true,false,false,false,false,0,30.0
1105,0,1,1,0,2,0,0,2,1,2,6,0,3,false,true,false,false,false,false,10,60.0
1105,0,0,1,0,3,0,0,4,1,0,6,0,4,false,true,false,false,false,false,18,70.0
1105,0,0,1,0,4,0,0,4,1,0,6,0,4,false,true,false,false,false,false,18,70.0
1243,0,0,1,0,5,0,1,2,0,0,1,0,3,false,true,false,false,false,false,6,35.0
1243,0,0,1,0,6,0,0,2,0,0,1,0,3,false,true,false,false,false,false,10,35.0
1243,0,0,1,0,7,0,0,2,0,0,1,0,3,false,true,false,false,false,false,10,35.0
1243,0,0,1,0,8,0,0,4,0,0,2,0,2,false,false,false,false,false,false,20,30.0
1243,0,0,1,0,9,0,0,4,0,0,2,0,2,false,false,false,false,false,false,20,30.0
1243,0,0,1,0,10,0,0,4,0,0,2,0,2,false,false,false,false,false,false,20,30.0
1275,0,0,1,0,2,0,1,4,0,0,4,0,2,false,true,false,true,false,false,16,40.0
1275,0,0,1,0,3,0,0,4,0,0,4,0,2,false,true,false,true,false,false,20,40.0
1275,0,0,1,0,4,0,0,2,0,2,4,0,2,false,true,false,true,false,false,12,40.0
1291,0,0,1,0,5,0,0,0,0,3,3,0,2,false,true,false,false,false,false,3,35.0
1291,0,0,1,0,6,0,0,0,0,3,3,0,2,false,true,false,false,false,false,3,35.0
1291,0,0,1,0,7,0,0,0,0,3,3,0,1,false,false,false,false,false,false,3,25.0
1291,0,0,1,0,8,0,0,0,0,3,3,0,1,false,false,false,false,false,false,3,25.0
1291,0,0,1,0,9,0,0,0,0,3,3,0,1,false,false,false,false,false,false,3,25.0
1291,0,0,1,0,10,0,0,1,0,2,3,0,1,false,false,false,false,false,false,7,25.0
1339,0,0,1,0,3,0,0,0,0,2,2,0,2,false,true,false,true,false,false,2,30.0
1339,0,0,1,0,4,0,0,0,0,1,2,0,2,false,true,false,true,false,false,1,30.0
1339,0,0,1,0,10,0,0,0,0,3,2,0,1,false,false,false,false,false,false,3,20.0
1339,0,0,1,0,11,0,0,0,0,3,2,0,1,false,false,false,false,false,false,3,20.0
1339,0,0,1,0,12,0,0,0,0,6,2,0,1,false,false,false,false,false,false,6,20.0
-1,1,0,1,0,16,0,0,0,0,0,0,0,2,false,true,false,false,false,false,100,20.0
-1,1,1,1,0,1,0,0,0,0,0,0,0,3,false,true,false,false,false,false,100,30.0
-1,1,1,1,0,1,0,0,0,0,0,0,0,2,false,true,false,false,false,false,100,20.0
611,1,1,1,0,1,0,0,0,0,0,0,0,3,false,true,false,true,false,false,100,30.0
-1,1,1,0,0,1,0,0,0,2,0,0,0,5,false,true,false,false,true,false,96,50.0
-1,1,1,0,0,1,0,0,0,2,0,0,0,6,false,true,false,true,true,false,96,60.0
-1,1,1,1,0,1,0,0,0,0,0,0,0,1,false,false,false,false,false,false,100,10.0
737,1,1,1,0,1,0,0,0,1,0,0,0,2,false,true,false,true,false,false,98,20.0
929,1,1,1,0,1,0,0,0,0,0,0,0,3,false,false,false,true,false,false,100,30.0
1045,1,1,1,0,1,0,2,0,0,0,0,0,1,false,true,false,true,false,false,92,10.0
1045,1,1,1,0,1,1,1,0,0,0,0,0,3,false,true,false,true,false,false,92,30.0
1045,1,1,1,0,1,1,0,0,0,0,0,0,2,false,true,false,true,false,false,96,20.0
1903,1,1,1,0,1,0,0,0,0,0,2,0,-1,true,false,false,false,false,false,100,0.0
1335,1,1,1,0,1,0,4,0,0,0,0,0,-2,true,false,false,false,false,false,84,-20.0
1903,1,1,1,0,1,0,0,0,0,0,2,0,-1,true,false,false,false,false,false,100,0.0
1903,1,1,1,0,1,0,0,0,0,0,2,0,-1,true,false,false,false,false,false,100,0.0
1055,1,1,1,0,1,0,0,0,1,0,0,0,3,false,true,false,true,false,false,98,30.0
1119,1,1,1,0,1,0,0,0,2,0,0,0,3,false,true,false,true,false,false,96,30.0
1247,1,1,1,0,1,0,0,0,1,0,1,0,4,false,true,false,true,false,false,98,45.0
1375,1,1,1,0,1,0,1,0,1,0,0,0,4,false,true,false,true,false,false,94,40.0
1471,1,1,1,0,1,0,0,0,1,2,1,0,3,false,true,false,true,false,false,100,35.0
1599,1,1,1,0,1,0,1,0,1,0,0,0,3,false,true,false,true,false,false,94,30.0
1599,1,1,1,0,1,1,0,0,0,0,0,0,2,false,false,false,true,false,false,96,20.0
1599,1,1,1,0,1,1,1,0,0,0,0,0,-3,true,false,false,true,false,false,92,-30.0
1599,1,1,1,0,1,1,0,0,0,0,0,0,-1,false,false,false,true,false,false,96,-10.0
1599,1,1,1,0,1,0,0,0,1,0,0,0,2,false,true,false,true,false,false,98,20.0
659,1,1,1,0,1,0,3,1,0,0,0,0,2,false,true,false,true,false,false,93,20.0
1599,1,1,1,0,1,0,1,0,0,0,0,0,2,false,false,false,true,false,false,96,20.0
1599,1,1,1,0,1,1,0,0,0,0,0,0,1,false,true,false,true,false,false,96,10.0
1737,1,1,1,0,1,1,1,0,0,0,0,0,3,false,true,false,true,false,false,92,30.0
1737,1,1,1,0,1,1,0,0,0,0,0,0,-1,false,false,false,true,false,false,96,-10.0
1737,1,1,1,0,1,1,0,0,0,0,0,0,-2,true,false,false,true,false,false,96,-20.0
727,1,1,1,0,1,1,0,0,0,0,0,0,2,false,true,false,true,false,false,96,20.0
1737,1,1,1,0,1,0,2,0,0,0,0,0,1,false,true,false,false,false,false,92,10.0
553,1,1,1,0,1,1,1,0,0,0,2,0,0,true,false,false,true,false,false,92,10.0
1737,1,1,1,0,1,0,2,0,0,0,0,0,1,false,true,false,false,false,false,92,10.0
737,1,1,1,0,1,1,0,0,0,0,0,0,3,false,true,false,true,false,false,96,30.0
1737,1,1,1,0,1,0,2,0,0,0,0,0,1,false,true,false,false,false,false,92,10.0
1737,1,1,1,0,1,0,2,0,0,0,0,0,1,false,true,false,false,false,false,92,10.0
1955,1,1,1,0,1,0,0,0,0,0,0,0,2,false,true,false,true,false,false,100,20.0
1945,1,1,1,0,1,0,0,0,2,0,0,0,2,false,true,false,true,false,false,96,20.0
1945,1,1,1,0,1,0,2,0,0,0,0,0,2,false,true,false,true,false,false,92,20.0
1945,1,0,1,0,5,0,2,0,0,0,0,0,0,false,true,false,true,false,false,92,0.0
1945,1,1,1,0,1,0,1,0,0,0,0,0,2,false,true,false,true,false,false,96,20.0
1945,1,1,1,0,1,1,0,0,0,0,0,0,4,false,true,false,true,false,false,96,40.0
1935,1,1,1,0,1,0,0,0,2,0,0,0,2,false,true,false,true,false,false,96,20.0
1935,1,1,1,0,1,0,0,0,0,0,0,0,2,false,true,false,true,false,false,100,20.0
1489,1,1,1,0,1,0,0,0,1,2,0,0,3,false,true,false,true,false,false,100,30.0
1887,1,1,1,0,1,2,0,0,0,0,0,0,-1,true,false,false,false,false,false,92,-10.0
1903,1,1,1,0,1,0,0,0,0,0,2,0,-2,true,false,false,true,false,false,100,-10.0
1887,1,1,1,0,1,0,0,0,0,0,1,0,0,false,false,false,true,false,false,100,5.0
1929,1,0,1,0,16,2,0,0,0,0,0,-1,0,false,false,false,false,false,false,92,-50.0
1929,1,1,1,0,1,2,0,0,0,0,0,-1,0,false,false,false,false,false,false,92,-50.0
1887,1,1,1,0,1,2,0,0,0,0,0,0,-2,true,false,false,true,false,false,92,-20.0
1887,1,1,1,0,1,2,0,0,0,0,0,0,-2,true,false,false,false,false,false,92,-20.0
1887,1,1,1,0,1,2,0,0,0,0,0,0,-2,true,false,false,false,false,false,92,-20.0
595,1,1,1,0,1,2,0,0,0,0,0,0,-1,true,false,false,false,false,false,92,-10.0
595,1,1,1,0,1,2,0,0,0,0,0,0,-1,true,false,false,false,false,false,92,-10.0
595,1,1,1,0,1,2,0,0,0,0,0,0,-1,true,false,false,false,false,false,92,-10.0
1929,1,1,1,0,1,0,0,0,0,0,0,0,4,false,true,false,true,false,false,100,40.0
701,1,0,1,0,15,0,3,1,0,0,0,0,0,false,true,false,false,false,false,93,0.0
701,1,1,1,0,1,0,3,1,0,0,0,0,0,false,true,false,false,false,false,93,0.0
701,1,1,1,0,1,0,3,1,0,0,0,0,0,false,true,false,false,false,false,93,0.0
701,1,1,1,0,1,0,3,1,0,0,0,0,0,false,true,false,false,false,false,93,0.0
701,1,1,1,0,1,0,3,1,0,0,0,0,-1,false,true,false,false,false,false,93,-10.0
1737,1,1,1,0,1,0,0,0,3,0,0,0,3,false,true,false,true,false,false,94,30.0
1737,1,1,1,0,1,0,0,0,1,0,0,0,-3,true,false,false,true,false,false,98,-30.0
1737,1,0,1,0,13,0,0,0,0,0,0,0,-2,true,false,false,true,false,false,100,-20.0
1737,1,1,1,0,1,0,3,0,0,0,0,0,1,false,false,false,true,false,false,88,10.0
1737,1,0,1,0,13,0,0,0,0,0,0,0,2,false,false,false,true,false,false,100,20.0
1737,1,1,1,0,1,0,2,0,0,0,0,0,3,false,true,false,true,false,false,92,30.0
1737,1,1,1,0,1,0,2,0,0,0,0,0,1,false,true,false,false,false,false,92,10.0
1737,1,1,1,0,1,0,2,0,0,0,0,0,1,false,true,false,false,false,false,92,10.0
1737,1,1,1,0,1,0,2,0,0,0,0,0,1,false,true,false,false,false,false,92,10.0
-1,1,1,1,0,1,1,2,0,0,0,0,0,3,false,true,false,true,false,false,88,30.0
1737,1,1,1,0,1,0,2,0,0,0,0,0,1,false,true,false,false,false,false,92,10.0
1737,1,1,1,0,1,0,2,0,0,0,0,0,0,false,true,false,false,false,false,92,0.0
1737,1,1,1,0,1,0,2,0,0,0,0,0,0,false,false,false,false,false,false,92,0.0
611,1,1,1,0,1,0,1,0,0,0,0,0,1,false,false,false,true,false,false,96,10.0
1471,1,1,1,0,1,0,0,0,1,2,0,0,2,false,true,false,false,false,false,100,20.0
1471,1,1,1,0,1,0,0,0,1,2,0,0,2,false,true,false,false,false,false,100,20.0
1599,1,1,1,0,1,0,0,0,1,0,0,0,4,false,true,false,false,false,false,98,40.0
611,1,0,1,0,11,0,0,0,0,0,0,0,3,false,true,false,true,false,false,100,30.0
611,1,0,1,0,12,0,0,0,0,0,0,0,3,false,true,false,true,false,false,100,30.0
1737,1,0,1,0,5,0,3,0,0,0,0,0,0,false,false,false,false,false,false,88,0.0
1737,1,1,1,0,1,0,3,0,0,0,0,0,0,false,false,false,false,false,false,88,0.0
1737,1,1,1,0,1,0,3,0,0,0,0,0,0,false,false,false,false,false,false,88,0.0
-1,1,1,1,0,1,0,0,0,0,0,0,0,3,false,true,false,false,false,false,100,30.0
611,1,1,1,0,1,0,0,0,0,0,0,0,3,false,true,false,true,false,false,100,30.0
-1,1,1,1,0,1,0,0,0,0,0,0,0,3,false,true,false,false,false,false,100,30.0
1019,1,1,1,0,1,0,0,0,0,0,3,1,-3,true,false,false,false,false,false,100,35.0
1019,1,1,1,0,1,0,0,0,0,0,3,1,-3,true,false,false,false,false,false,100,35.0
9,1,1,1,0,1,1,0,0,0,0,0,0,3,false,true,false,true,false,false,96,30.0
1035,1,1,1,0,1,0,0,0,0,0,2,1,-3,true,false,false,false,false,false,100,30.0
1035,1,1,1,0,1,0,0,0,0,0,3,1,-2,true,false,false,false,false,false,100,45.0
1035,1,1,1,0,1,0,0,0,0,0,3,1,-3,true,false,false,false,false,false,100,35.0
1035,1,1,1,0,1,0,0,0,0,0,3,1,-3,true,false,false,false,false,false,100,35.0
1099,1,1,1,0,1,0,0,0,0,0,3,0,-3,true,false,false,false,false,false,100,-15.0
1115,1,1,1,0,1,0,0,0,0,0,2,0,-3,true,false,false,false,false,false,100,-20.0
-1,1,1,1,0,1,1,0,0,0,0,0,0,3,false,true,false,false,false,false,96,30.0
-1,1,1,1,0,1,1,0,0,0,0,0,0,2,false,true,false,false,false,false,96,20.0
-1,1,1,1,0,1,1,0,0,0,0,0,0,3,false,true,false,false,false,false,96,30.0
-1,1,1,1,0,1,1,0,0,0,0,0,0,3,false,true,false,true,false,false,96,30.0
739,1,1,1,0,1,1,2,2,0,0,2,0,2,false,false,false,true,false,false,98,30.0
915,1,1,1,0,1,0,2,2,1,0,2,0,1,false,true,false,false,false,false,100,20.0
1157,1,1,1,0,1,0,0,0,2,0,0,0,1,false,true,false,false,false,false,96,10.0
1157,1,1,1,0,1,0,0,0,2,0,0,0,1,false,true,false,false,false,false,96,10.0
-1,1,0,1,0,12,0,0,0,0,0,0,0,1,false,false,false,false,false,false,100,10.0
-1,1,1,1,0,1,0,0,0,0,0,0,0,2,false,false,false,false,false,false,100,20.0
-1,1,1,1,0,1,0,0,0,0,0,0,0,2,false,true,false,false,false,false,100,20.0
595,1,1,1,0,1,0,0,0,0,0,1,0,-2,true,false,false,true,false,false,100,-15.0
-1,1,1,1,0,1,0,0,0,0,0,0,0,3,false,true,false,false,false,false,100,30.0
737,1,1,1,0,1,0,0,0,1,0,0,0,3,false,true,false,true,false,false,98,30.0
-1,1,1,1,0,1,0,1,0,0,0,0,0,2,false,false,false,false,false,false,96,20.0
127,1,1,1,0,1,0,0,0,1,0,0,0,3,false,true,false,false,false,false,98,30.0
127,1,1,1,0,1,0,0,0,1,0,0,0,3,false,true,false,false,false,false,98,30.0
127,1,1,1,0,1,0,0,0,1,0,1,0,3,false,true,false,false,false,false,98,35.0
537,1,0,1,0,9,1,1,0,0,0,2,0,0,true,false,false,false,false,false,92,10.0
537,1,1,1,0,1,1,1,0,0,0,2,0,0,true,false,false,false,false,false,92,10.0
-1,1,1,1,0,1,0,0,0,0,0,0,0,4,false,true,false,true,false,false,100,40.0
9,1,1,1,0,1,0,1,0,0,0,0,0,4,false,true,false,true,false,false,96,40.0
9,1,1,1,0,1,0,1,0,0,0,0,0,2,false,true,false,true,false,false,96,20.0
9,1,1,1,0,1,0,2,0,0,0,0,0,2,false,true,false,true,false,false,92,20.0
9,1,1,1,0,1,1,0,0,0,0,0,0,3,false,true,false,true,false,false,96,30.0
567,1,1,1,0,1,0,1,0,0,0,0,0,-1,false,false,false,true,false,false,96,-10.0
567,1,0,1,0,11,0,0,0,0,0,1,0,-1,true,false,false,true,false,false,100,-5.0
647,1,1,1,0,1,0,1,0,0,0,0,0,1,false,true,false,true,false,false,96,10.0
647,1,0,1,0,11,0,0,0,0,0,0,0,3,false,true,false,true,false,false,100,30.0
647,1,0,1,0,12,0,0,0,0,0,0,0,2,false,true,false,true,false,false,100,20.0
753,1,1,1,0,1,1,0,0,0,0,0,0,3,false,true,false,true,false,false,96,30.0
537,1,1,1,0,1,1,1,0,0,0,2,0,0,true,false,false,false,false,false,92,10.0
553,1,1,1,0,1,1,1,0,0,0,1,0,0,true,false,false,false,false,false,92,5.0
595,1,0,1,0,15,0,0,0,0,0,1,0,-3,true,false,false,false,false,false,100,-25.0
-1,1,1,1,0,1,0,0,0,1,0,0,0,2,false,true,false,false,false,false,98,20.0
-1,1,1,1,0,1,0,0,0,1,0,0,0,2,false,true,false,false,false,false,98,20.0
-1,1,1,1,0,1,0,0,0,1,0,0,0,2,false,true,false,false,false,false,98,20.0
1019,1,0,1,0,11,0,0,0,0,0,0,0,-1,true,false,false,false,false,false,100,-10.0
-1,1,1,1,0,1,1,2,0,0,0,0,0,-1,true,false,false,false,false,false,88,-10.0
-1,1,1,1,0,1,1,2,0,0,0,0,0,-2,true,false,false,false,false,false,88,-20.0
-1,1,1,1,0,1,0,0,0,1,0,0,0,2,false,true,false,false,false,false,98,20.0
-1,1,1,1,0,1,0,0,0,1,0,0,0,2,false,true,false,false,false,false,98,20.0
-1,1,1,1,0,1,0,0,0,1,0,0,0,2,false,true,false,false,false,false,98,20.0
1055,1,1,1,0,1,0,1,0,1,0,0,0,2,false,true,false,true,false,false,94,20.0
1055,1,0,1,0,17,0,1,0,0,0,0,0,0,false,true,false,false,false,false,96,0.0
-1,1,1,1,0,1,0,0,0,1,0,0,0,2,false,true,false,false,false,false,98,20.0
595,1,0,1,0,4,0,0,0,0,0,1,0,-2,true,false,false,false,false,false,100,-15.0
-1,1,1,1,0,1,0,1,0,0,0,0,0,3,false,true,false,false,false,false,96,30.0
1147,1,1,1,0,1,0,0,0,0,0,0,0,1,false,true,false,false,false,false,100,10.0
1147,1,1,1,0,1,0,0,0,0,0,0,0,1,false,true,false,false,false,false,100,10.0
1147,1,1,1,0,1,0,0,0,0,0,0,0,1,false,true,false,false,false,false,100,10.0
-1,1,1,1,0,1,0,1,0,0,0,0,0,4,false,true,false,true,false,false,96,40.0
1887,1,1,1,0,1,0,0,0,1,0,0,0,-2,true,false,false,false,false,false,98,-20.0
1887,1,1,1,0,1,0,0,0,0,0,0,0,-1,true,false,false,false,false,false,100,-10.0
737,1,1,1,0,1,0,0,0,2,0,0,0,3,false,true,false,false,false,false,96,30.0
737,1,1,1,0,1,0,0,0,2,0,0,0,3,false,true,false,false,false,false,96,30.0
-1,1,1,1,0,1,1,0,0,0,0,0,0,-2,false,false,false,true,false,false,96,-20.0
-1,1,0,1,0,12,0,1,0,0,0,0,0,2,false,true,false,false,false,false,96,20.0
-1,1,1,1,0,1,0,1,0,0,0,0,0,2,false,false,false,false,false,false,96,20.0
-1,1,1,1,0,1,0,1,0,0,0,0,0,2,false,false,false,false,false,false,96,20.0
1887,1,1,1,0,1,0,0,0,0,0,1,0,0,true,false,false,false,false,false,100,5.0
1887,1,1,1,0,1,0,0,0,0,0,1,0,0,true,false,false,false,false,false,100,5.0
-1,1,1,1,0,1,0,1,0,0,0,0,0,1,false,true,false,true,false,false,96,10.0
-1,1,0,1,0,12,0,0,0,0,0,0,0,2,false,true,false,false,false,false,100,20.0
-1,1,1,1,0,1,0,0,0,0,0,0,0,1,false,true,false,false,false,false,100,10.0
-1,1,1,1,0,1,1,0,0,0,0,0,0,-1,true,false,false,false,false,false,96,-10.0
-1,1,1,1,0,1,1,0,0,0,0,0,0,-2,true,false,false,false,false,false,96,-20.0
-1,1,1,1,0,1,0,0,0,0,0,0,0,1,false,true,false,false,false,false,100,10.0
-1,1,1,1,0,1,0,0,0,0,0,0,0,2,false,false,false,false,false,false,100,20.0
127,1,1,1,0,1,0,0,0,1,2,2,0,2,false,true,false,true,false,false,100,30.0
-1,1,0,1,0,5,0,0,0,0,0,0,0,1,false,false,false,false,false,false,100,10.0
-1,1,1,1,0,1,1,0,0,0,0,0,0,0,false,false,false,false,false,false,96,0.0
-1,1,1,1,0,1,1,0,0,0,0,0,0,-1,false,false,false,false,false,false,96,-10.0
-1,1,1,1,0,1,1,0,0,0,0,0,0,-1,false,false,false,false,false,false,96,-10.0
-1,1,1,1,0,1,1,0,0,0,0,0,0,-2,true,false,false,false,false,false,96,-20.0
-1,1,1,1,0,1,1,0,0,0,0,0,0,-2,true,false,false,true,false,false,96,-20.0
-1,1,0,1,0,10,0,0,0,1,0,0,0,-1,false,false,false,false,false,false,98,-10.0
-1,1,1,1,0,1,0,0,0,1,0,0,0,-1,false,false,false,false,false,false,98,-10.0
1303,1,1,1,0,1,0,4,0,0,0,1,0,-2,true,false,false,false,false,false,84,-15.0
1303,1,1,1,0,1,0,4,0,0,0,1,0,-3,true,false,false,false,false,false,84,-25.0
1303,1,1,1,0,1,0,4,0,0,0,1,0,-3,true,false,false,false,false,false,84,-25.0
1303,1,1,1,0,1,0,4,0,0,0,1,0,-3,true,false,false,false,false,false,84,-25.0
1303,1,1,1,0,1,0,4,0,0,0,1,0,-4,true,false,false,false,false,false,84,-35.0
1303,1,1,1,0,1,0,4,0,0,0,1,0,-3,true,false,false,false,false,false,84,-25.0
1303,1,1,1,0,1,0,4,0,0,0,1,0,-3,true,false,false,false,false,false,84,-25.0
1303,1,1,1,0,1,0,4,0,0,0,1,0,-3,true,false,false,false,false,false,84,-25.0
1303,1,1,1,0,1,0,4,0,0,0,1,0,-4,true,false,false,true,false,false,84,-35.0
1319,1,0,0,0,11,0,3,0,0,0,0,0,-1,true,false,false,false,true,false,88,-10.0
1319,1,1,0,0,1,0,3,0,0,0,0,0,-1,true,false,false,false,true,false,88,-10.0
1303,1,1,1,0,1,0,4,0,0,0,0,0,-2,true,false,false,false,false,false,84,-20.0
1303,1,1,1,0,1,0,4,0,0,0,0,0,-2,true,false,false,false,false,false,84,-20.0
1319,1,1,1,0,1,0,4,0,0,0,1,0,-2,true,false,false,false,false,false,84,-15.0
1319,1,1,1,0,1,0,4,0,0,0,1,0,-2,true,false,false,false,false,false,84,-15.0
1335,1,1,1,0,1,0,4,0,0,0,1,0,-3,true,false,false,true,false,false,84,-25.0
1319,1,1,1,0,1,0,4,0,0,0,1,0,-2,true,false,false,false,false,false,84,-15.0
1335,1,1,1,0,1,0,4,0,0,0,1,0,-2,true,false,false,false,false,false,84,-15.0
1335,1,1,1,0,1,0,4,0,0,0,1,0,-2,true,false,false,false,false,false,84,-15.0
1351,1,1,1,0,1,0,4,0,0,0,1,0,-2,true,false,false,false,false,false,84,-15.0
1351,1,1,1,0,1,0,4,0,0,0,1,0,-2,true,false,false,false,false,false,84,-15.0
1303,1,1,1,0,1,0,4,0,0,0,0,0,0,false,false,false,true,false,false,84,0.0
-1,1,1,1,0,1,0,0,0,1,0,0,0,0,false,false,false,false,false,false,98,0.0
441,1,0,1,0,5,0,1,5,0,0,0,0,-1,false,false,false,false,false,false,121,-10.0
441,1,1,1,0,1,0,1,5,0,0,0,0,-1,false,false,false,false,false,false,121,-10.0
441,1,1,1,0,1,0,1,5,0,0,0,0,-1,false,false,false,false,false,false,121,-10.0
441,1,1,1,0,1,0,1,5,0,0,0,0,-1,false,false,false,false,false,false,121,-10.0
-1,1,1,1,0,1,0,1,4,0,0,0,0,1,false,false,false,false,false,false,116,10.0
425,1,1,1,0,1,0,0,6,0,0,0,0,-1,true,false,false,false,false,false,130,-10.0
425,1,1,1,0,1,0,0,6,0,0,0,0,0,true,false,false,false,false,false,130,0.0
425,1,1,1,0,1,0,0,6,0,0,0,0,0,true,false,false,false,false,false,130,0.0
425,1,1,1,0,1,0,0,6,0,0,0,0,0,true,false,false,false,false,false,130,0.0
441,1,1,1,0,1,0,1,5,0,0,0,0,-1,true,false,false,false,false,false,121,-10.0
441,1,1,1,0,1,0,1,5,0,0,0,0,-2,true,false,false,true,false,false,121,-20.0
441,1,0,1,0,5,0,0,5,0,0,0,0,-2,true,false,false,false,false,false,125,-20.0
441,1,1,1,0,1,0,0,5,0,0,0,0,-1,true,false,false,false,false,false,125,-10.0
441,1,1,1,0,1,0,0,3,0,0,0,0,0,true,false,false,false,false,false,115,0.0
833,1,1,1,0,1,0,0,6,0,0,6,0,3,false,true,false,false,false,false,130,60.0
833,1,1,1,0,1,0,0,6,0,0,6,0,3,false,true,false,false,false,false,130,60.0
833,1,1,1,0,1,0,0,6,0,0,6,0,3,false,true,false,false,false,false,130,60.0
179,1,1,1,0,1,0,1,2,0,0,2,0,3,false,false,false,true,false,false,106,40.0
381,1,1,1,0,1,0,1,6,0,0,2,0,1,false,true,false,true,false,false,126,20.0
753,1,1,1,0,1,0,2,4,0,0,0,0,1,false,true,false,true,false,false,112,10.0
1675,1,1,1,0,1,0,1,4,0,0,2,0,1,false,true,false,true,false,false,116,20.0
79,1,1,1,0,1,1,1,3,0,0,3,0,2,false,true,false,true,false,false,107,35.0
425,1,1,1,0,1,0,1,4,0,0,0,0,1,false,true,false,true,false,false,116,10.0
393,1,1,1,0,1,0,0,4,0,0,2,0,3,false,true,false,true,false,false,120,40.0
489,1,1,1,0,1,0,1,2,0,0,2,0,3,false,true,false,true,false,false,106,40.0
531,1,1,1,0,1,0,1,4,0,0,2,0,2,false,true,false,true,false,false,116,30.0
1063,1,1,1,0,1,0,2,2,0,0,2,0,3,false,true,false,true,false,false,102,40.0
1225,1,1,1,0,1,0,1,4,0,0,1,0,2,false,true,false,true,false,false,116,25.0
865,1,1,1,0,1,0,0,4,0,0,4,0,3,false,true,false,false,false,false,120,50.0
865,1,1,1,0,1,0,0,4,0,0,4,0,3,false,true,false,false,false,false,120,50.0
179,1,1,1,0,1,0,0,6,1,0,2,0,1,false,true,false,false,false,false,128,20.0
179,1,1,1,0,1,0,0,6,1,0,2,0,1,false,true,false,false,false,false,128,20.0
179,1,1,1,0,1,0,0,6,1,0,2,0,1,false,true,false,false,false,false,128,20.0
1769,1,1,1,0,1,0,0,6,0,0,6,0,3,false,true,false,false,false,false,130,60.0
1769,1,1,1,0,1,0,0,6,0,0,6,0,3,false,true,false,false,false,false,130,60.0
1769,1,1,1,0,1,0,0,6,0,0,6,0,3,false,true,false,false,false,false,130,60.0
1769,1,1,1,0,1,0,0,6,0,0,8,0,4,false,true,false,false,false,false,130,80.0
441,1,1,1,0,1,0,0,3,0,0,1,0,0,false,false,false,false,false,false,115,5.0
441,1,1,1,0,1,0,0,3,0,0,1,0,0,false,false,false,false,false,false,115,5.0
441,1,1,1,0,1,0,0,3,0,0,1,0,0,false,false,false,false,false,false,115,5.0
441,1,1,1,0,1,0,0,3,0,0,2,0,0,false,false,false,false,false,false,115,10.0
441,1,1,1,0,1,0,0,1,0,0,2,0,2,false,true,false,false,false,false,105,30.0
441,1,1,1,0,1,0,0,1,0,0,2,0,2,false,true,false,false,false,false,105,30.0
441,1,1,1,0,1,0,0,1,0,0,3,0,2,false,true,false,false,false,false,105,35.0
441,1,1,1,0,1,0,0,1,0,0,3,0,3,false,true,false,true,false,false,105,45.0
-1,1,1,1,0,1,0,1,4,0,0,0,0,1,false,false,false,false,false,false,116,10.0
-1,1,1,1,0,1,0,1,6,0,0,2,0,1,false,true,false,false,false,false,126,20.0
-1,1,1,1,0,1,0,1,6,0,0,2,0,1,false,true,false,false,false,false,126,20.0
-1,1,1,1,0,1,0,1,6,0,0,2,0,1,false,true,false,false,false,false,126,20.0
-1,1,1,1,0,1,0,1,6,0,0,3,0,1,false,true,false,false,false,false,126,25.0
15,1,1,1,0,1,0,1,7,0,0,3,0,1,false,false,false,false,false,false,131,25.0
15,1,1,1,0,1,0,1,7,0,0,3,0,1,false,false,false,false,false,false,131,25.0
15,1,1,1,0,1,0,1,7,0,0,3,0,1,false,false,false,true,false,false,131,25.0
1391,1,1,1,0,1,0,1,5,0,0,5,0,3,false,true,false,true,false,false,121,55.0
1731,1,1,1,0,1,0,1,3,0,0,3,0,2,false,false,false,true,false,false,111,35.0
25,1,1,1,0,1,0,1,7,0,0,7,0,3,false,true,false,true,false,false,131,65.0
147,1,1,1,0,1,0,1,4,0,0,0,0,1,false,false,false,true,false,false,116,10.0
301,1,1,1,0,1,0,2,3,0,0,1,0,2,false,true,false,true,false,false,107,25.0
657,1,1,1,0,1,0,2,4,0,0,2,0,1,false,true,false,true,false,false,112,20.0
1147,1,1,1,0,1,0,1,4,0,0,2,0,2,false,true,false,true,false,false,116,30.0
1441,1,1,1,0,1,0,1,5,0,0,3,0,4,false,true,false,true,false,false,121,55.0
1611,1,1,1,0,1,0,2,4,0,0,2,0,2,false,true,false,true,false,false,112,30.0
1707,1,1,1,0,1,0,1,4,0,0,4,0,1,false,true,false,true,false,false,116,30.0
1569,1,1,1,0,1,0,1,2,0,0,0,0,1,false,false,false,true,false,false,106,10.0
223,1,1,1,0,1,0,1,2,0,0,2,0,3,false,true,false,true,false,false,106,40.0
425,1,1,1,0,1,0,0,6,0,0,1,0,1,false,false,false,true,false,false,130,15.0
63,1,1,1,0,1,0,0,4,0,0,4,0,3,false,true,false,false,false,false,120,50.0
95,1,1,1,0,1,0,0,2,0,0,2,0,3,false,true,false,false,false,false,110,40.0
1055,1,1,1,0,1,0,1,2,0,0,0,0,2,false,true,false,false,false,false,106,20.0
1055,1,1,1,0,1,0,1,4,0,0,0,0,1,false,true,false,false,false,false,116,10.0
1055,1,1,1,0,1,0,1,4,0,0,2,0,1,false,true,false,false,false,false,116,20.0
1055,1,1,1,0,1,0,1,4,0,0,2,0,2,false,true,false,true,false,false,116,30.0
95,1,1,1,0,1,0,0,2,0,0,2,0,3,false,true,false,false,false,false,110,40.0
95,1,1,1,0,1,0,0,2,0,0,2,0,2,false,true,false,false,false,false,110,30.0
95,1,1,1,0,1,0,0,2,0,0,2,0,3,false,true,false,false,false,false,110,40.0
621,1,0,1,0,24,0,2,2,0,0,0,0,0,false,false,false,false,false,false,102,0.0
621,1,1,1,0,1,0,2,2,0,0,0,0,0,false,false,false,false,false,false,102,0.0
621,1,1,1,0,1,0,2,2,0,0,0,0,0,false,false,false,false,false,false,102,0.0
505,1,1,1,0,1,0,0,0,0,4,2,0,1,false,false,false,false,false,false,104,20.0
505,1,1,1,0,1,0,0,0,0,4,2,0,1,false,false,false,false,false,false,104,20.0
505,1,1,1,0,1,0,0,0,0,2,3,0,0,false,false,false,false,false,false,102,15.0
505,1,1,1,0,1,0,0,0,0,2,3,0,0,false,false,false,false,false,false,102,15.0
621,1,1,1,0,1,0,2,2,0,0,0,0,0,false,false,false,false,false,false,102,0.0
621,1,1,1,0,1,0,2,2,0,0,0,0,0,false,false,false,false,false,false,102,0.0
631,1,0,1,0,23,0,2,2,0,0,0,0,0,false,false,false,false,false,false,102,0.0
95,1,1,1,0,1,0,0,2,0,0,2,0,3,false,true,false,false,false,false,110,40.0
95,1,1,1,0,1,0,0,2,0,0,2,0,3,false,true,false,false,false,false,110,40.0
159,1,0,1,0,14,0,0,6,0,0,4,0,2,false,false,false,false,false,false,130,40.0
1119,1,1,1,0,1,1,0,5,0,0,2,0,2,false,true,false,false,false,false,121,30.0
1119,1,1,1,0,1,1,0,5,0,0,3,0,2,false,true,false,false,false,false,121,35.0
1119,1,1,1,0,1,1,0,5,0,0,4,0,2,false,true,false,false,false,false,121,40.0
1151,1,1,1,0,1,1,0,3,0,0,4,0,3,false,true,false,true,false,false,111,50.0
477,1,1,1,0,1,1,1,4,0,0,0,0,1,false,true,false,false,false,false,112,10.0
477,1,1,1,0,1,1,1,4,0,0,0,0,1,false,true,false,true,false,false,112,10.0
1211,1,1,1,0,1,1,0,5,0,0,4,-1,2,false,true,false,false,false,false,121,-10.0
1243,1,1,1,0,1,1,0,5,0,0,4,-1,1,false,false,false,false,false,false,121,-20.0
1021,1,1,1,0,1,1,1,2,0,0,2,0,2,false,true,false,true,false,false,102,30.0
361,1,1,1,0,1,1,1,2,0,0,3,0,3,false,true,false,true,false,false,102,45.0
403,1,0,1,0,13,1,1,2,0,0,3,-1,2,false,true,false,false,false,false,102,-15.0
159,1,1,1,0,1,0,0,6,0,0,6,0,2,false,true,false,false,false,false,130,50.0
159,1,1,1,0,1,0,0,6,1,0,6,0,3,false,true,false,false,false,false,128,60.0
159,1,1,1,0,1,0,0,6,1,0,6,0,3,false,true,false,false,false,false,128,60.0
505,1,1,1,0,1,0,0,0,0,4,2,0,1,false,true,false,false,false,false,104,20.0
1551,1,1,1,0,1,0,1,3,0,0,3,0,1,false,false,false,true,false,false,111,25.0
1567,1,0,1,0,12,0,0,2,1,0,2,0,4,false,true,false,false,false,false,108,50.0
1619,1,1,1,0,1,0,2,2,0,0,2,0,3,false,true,false,true,false,false,102,40.0
1003,1,1,1,0,1,0,0,2,1,0,2,0,1,false,true,false,false,false,false,108,20.0
1003,1,1,1,0,1,0,0,2,1,0,2,0,1,false,true,false,false,false,false,108,20.0
1003,1,1,1,0,1,0,0,2,1,0,2,0,1,false,true,false,false,false,false,108,20.0
1855,1,1,1,0,1,0,0,6,0,0,6,0,3,false,true,false,false,false,false,130,60.0
1855,1,1,1,0,1,0,0,6,0,0,6,0,3,false,true,false,false,false,false,130,60.0
1243,1,1,1,0,1,1,0,5,0,0,4,-1,2,false,false,false,false,false,false,121,-10.0
1887,1,1,1,0,1,0,0,4,0,0,4,0,3,false,true,false,false,false,false,120,50.0
1887,1,1,1,0,1,0,0,4,0,0,6,0,3,false,true,false,false,false,false,120,60.0
1887,1,1,1,0,1,0,0,6,0,0,6,0,3,false,true,false,false,false,false,130,60.0
1887,1,1,1,0,1,0,0,6,0,0,6,0,3,false,true,false,false,false,false,130,60.0
1887,1,1,1,0,1,0,0,6,0,0,6,0,3,false,true,false,false,false,false,130,60.0
1887,1,1,1,0,1,0,0,6,0,0,6,0,3,false,true,false,false,false,false,130,60.0
1919,1,1,1,0,1,0,0,4,0,0,4,0,4,false,true,false,false,false,false,120,60.0
-1,1,1,1,0,1,0,0,6,0,0,5,0,2,false,true,false,false,false,false,130,45.0
505,1,1,1,0,1,0,0,0,0,4,0,0,0,false,false,false,false,false,false,104,0.0
505,1,1,1,0,1,0,0,0,0,4,0,0,1,false,false,false,false,false,false,104,10.0
505,1,1,1,0,1,0,0,0,0,2,2,0,0,false,true,false,false,false,false,102,10.0
159,1,1,1,0,1,0,0,6,1,0,6,0,3,false,true,false,false,false,false,128,60.0
191,1,1,1,0,1,0,0,4,1,0,4,0,3,false,true,false,false,false,false,118,50.0
191,1,1,1,0,1,0,0,6,1,0,5,0,2,false,true,false,false,false,false,128,45.0
631,1,1,1,0,1,0,2,2,0,0,2,0,2,false,true,false,true,false,false,102,30.0
663,1,0,1,0,13,0,0,4,0,0,4,0,4,false,true,false,false,false,false,120,60.0
663,1,1,1,0,1,0,0,4,0,0,4,0,3,false,true,false,false,false,false,120,50.0
957,1,1,1,0,1,0,0,1,1,1,0,0,2,false,true,false,false,false,false,104,20.0
957,1,1,1,0,1,0,0,1,1,1,2,0,2,false,true,false,false,false,false,104,30.0
957,1,1,1,0,1,0,0,1,1,1,2,0,3,false,true,false,false,false,false,104,40.0
957,1,1,1,0,1,0,0,1,1,1,2,0,3,false,true,false,false,false,false,104,40.0
211,1,1,1,0,1,0,0,6,1,0,2,0,1,false,true,false,false,false,false,128,20.0
211,1,1,1,0,1,0,0,6,1,0,2,0,1,false,true,false,false,false,false,128,20.0
865,1,1,1,0,1,0,0,4,0,0,4,0,3,false,true,false,false,false,false,120,50.0
865,1,1,1,0,1,0,0,4,0,0,4,0,3,false,true,false,false,false,false,120,50.0
897,1,1,1,0,1,0,0,2,0,0,2,0,3,false,true,false,false,false,false,110,40.0
897,1,1,1,0,1,0,0,2,0,0,2,0,2,false,true,false,false,false,false,110,30.0
897,1,1,1,0,1,0,0,2,0,0,2,0,2,false,true,false,false,false,false,110,30.0
897,1,1,1,0,1,0,0,2,0,0,2,0,3,false,true,false,false,false,false,110,40.0
957,1,1,1,0,1,0,0,1,1,1,2,0,3,false,true,false,false,false,false,104,40.0
957,1,1,1,0,1,0,0,1,1,1,3,0,3,false,true,false,false,false,false,104,45.0
957,1,1,1,0,1,0,0,2,1,2,3,0,3,false,true,false,false,false,false,110,45.0
191,1,1,1,0,1,0,0,6,1,0,6,0,3,false,true,false,false,false,false,128,60.0
191,1,1,1,0,1,0,0,6,1,0,6,0,3,false,true,false,false,false,false,128,60.0
223,1,1,1,0,1,0,0,4,1,0,4,0,3,false,true,false,false,false,false,118,50.0
223,1,1,1,0,1,0,0,4,1,0,4,0,2,false,true,false,false,false,false,118,40.0
297,1,0,1,0,13,0,2,2,0,0,0,0,1,false,false,false,false,false,false,102,10.0
297,1,1,1,0,1,0,2,2,0,0,0,0,1,false,false,false,false,false,false,102,10.0
297,1,1,1,0,1,0,2,2,0,0,0,0,1,false,false,false,false,false,false,102,10.0
297,1,1,1,0,1,0,2,2,0,0,0,0,1,false,true,false,false,false,false,102,10.0
297,1,1,1,0,1,0,2,2,0,0,0,0,1,false,true,false,false,false,false,102,10.0
297,1,1,1,0,1,0,2,2,0,0,0,0,2,false,true,false,true,false,false,102,20.0
297,1,0,1,0,15,0,0,6,0,0,6,0,3,false,true,false,false,false,false,130,60.0
737,1,1,1,0,1,0,2,4,0,0,2,0,2,false,true,false,true,false,false,112,30.0
329,1,1,1,0,1,0,0,4,0,0,4,0,3,false,true,false,false,false,false,120,50.0
329,1,1,1,0,1,0,0,6,0,0,4,0,2,false,true,false,false,false,false,130,40.0
723,1,1,1,0,1,0,0,2,1,2,2,0,2,false,true,false,false,false,false,110,30.0
723,1,1,1,0,1,0,0,2,1,2,2,0,2,false,true,false,false,false,false,110,30.0
723,1,1,1,0,1,0,0,2,1,2,2,0,2,false,true,false,false,false,false,110,30.0
723,1,1,1,0,1,0,0,2,1,2,4,0,2,false,true,false,false,false,false,110,40.0
723,1,1,1,0,1,0,0,2,1,2,4,0,2,false,true,false,false,false,false,110,40.0
723,1,1,1,0,1,0,0,3,1,3,4,0,1,false,true,false,false,false,false,116,30.0
361,1,0,1,0,3,0,1,4,0,0,2,0,2,false,true,false,false,false,false,116,30.0
819,1,1,1,0,1,0,1,1,0,0,1,0,1,false,true,false,true,false,false,101,15.0
425,1,1,1,0,1,0,1,1,0,0,1,0,2,false,true,false,true,false,false,101,25.0
441,1,1,1,0,1,0,0,2,1,0,2,0,3,false,true,false,true,false,false,108,40.0
515,1,1,1,0,1,0,1,2,0,0,2,0,3,false,true,false,true,false,false,106,40.0
243,1,1,1,0,1,0,1,4,0,0,2,0,2,false,true,false,true,false,false,116,30.0
105,1,1,1,0,1,0,1,4,0,0,2,0,0,false,true,false,true,false,false,116,10.0
1331,1,1,1,0,1,0,1,4,0,0,3,0,2,false,true,false,true,false,false,116,35.0
1379,1,0,1,0,12,0,0,6,0,0,4,0,1,false,true,false,true,false,false,130,30.0
675,1,1,1,0,1,0,1,3,0,0,3,0,2,false,true,false,true,false,false,111,35.0
297,1,1,1,0,1,0,1,4,0,0,2,0,2,false,true,false,true,false,false,116,30.0
1311,1,1,1,0,1,0,0,4,1,0,4,0,4,false,true,false,false,false,false,118,60.0
1311,1,1,1,0,1,0,0,4,1,0,4,0,4,false,true,false,false,false,false,118,60.0
1343,1,1,1,0,1,0,0,2,1,0,2,0,4,false,true,false,false,false,false,108,50.0
361,1,1,1,0,1,0,1,6,0,0,4,0,1,false,true,false,false,false,false,126,30.0
945,1,0,1,0,5,0,0,1,1,0,1,0,3,false,true,false,false,false,false,103,35.0
945,1,1,1,0,1,0,1,2,1,2,1,0,2,false,true,false,false,false,false,106,25.0
1343,1,1,1,0,1,0,0,2,1,0,2,0,4,false,true,false,false,false,false,108,50.0
1343,1,1,1,0,1,0,0,2,1,0,2,0,4,false,true,false,false,false,false,108,50.0
361,1,1,1,0,1,0,1,6,0,0,4,0,2,false,true,false,false,false,false,126,40.0
361,1,1,1,0,1,0,1,6,0,0,4,0,2,false,true,false,true,false,false,126,40.0
393,1,0,1,0,5,0,0,4,0,0,3,0,2,false,true,false,false,false,false,120,35.0
957,1,0,1,0,5,0,0,6,0,0,4,0,2,false,true,false,false,false,false,130,40.0
957,1,1,1,0,1,0,0,6,0,0,4,0,2,false,true,false,false,false,false,130,40.0
957,1,1,1,0,1,0,0,6,0,0,4,0,2,false,true,false,false,false,false,130,40.0
1801,1,1,1,0,1,0,0,6,0,0,6,0,3,false,true,false,false,false,false,130,60.0
1801,1,1,1,0,1,0,0,6,0,0,8,0,3,false,true,false,false,false,false,130,70.0
1801,1,1,1,0,1,0,0,6,0,0,8,0,4,false,true,false,false,false,false,130,80.0
393,1,1,1,0,1,0,0,6,0,0,3,0,1,false,true,false,false,false,false,130,25.0
393,1,1,1,0,1,0,0,6,0,0,3,0,1,false,true,false,false,false,false,130,25.0
621,1,1,1,0,1,0,2,2,0,0,0,0,0,false,false,false,true,false,false,102,0.0
1075,1,1,1,0,1,0,0,2,1,0,2,0,3,false,true,false,true,false,false,108,40.0
393,1,1,1,0,1,0,0,6,0,0,3,0,1,false,true,false,false,false,false,130,25.0
393,1,1,1,0,1,0,0,6,0,0,3,0,1,false,true,false,false,false,false,130,25.0
393,1,1,1,0,1,0,0,6,0,0,3,0,1,false,true,false,false,false,false,130,25.0
425,1,1,1,0,1,0,0,4,0,0,1,0,1,false,false,false,false,false,false,120,15.0
